email,u_firstname,u_lastname,u_phone,u_password,isadmin
Aisha53@hotmail.com,Bella,Schmitt,576.529.1418 x3133,pw,TRUE
Alayna_Zemlak@hotmail.com,Federico,Gutmann,1-385-747-9541,pw,FALSE
Albina_Wolf9@gmail.com,Danyka,Bauch,(332) 543-1664 x62979,pw,FALSE
Alexzander_Hamill28@hotmail.com,Eriberto,Robel,781-235-6346,pw,FALSE
Allene_Goldner@gmail.com,Carter,Schmitt,(648) 857-4213 x2461,pw,TRUE
Anahi68@gmail.com,Erling,Hahn,842-562-3167,pw,FALSE
Andre13@yahoo.com,Enrique,Daniel,349-663-6382,pw,FALSE
Bennett.Sipes56@gmail.com,Maryjane,Will,1-531-379-7117 x7055,pw,FALSE
Casimir.Crist84@gmail.com,Bret,Runolfsson,271-401-6198,pw,FALSE
Chanel.Wyman71@yahoo.com,Eve,Anderson,702-700-4510,pw,FALSE
Cierra.Blick@hotmail.com,Kyla,Barrows,(216) 982-5187,pw,TRUE
Clemmie19@gmail.com,Howard,McDermott,1-731-490-2485 x393,pw,TRUE
Creola_Gorczany@yahoo.com,Esther,Welch,(886) 602-3642,pw,FALSE
Elaina_Ritchie@hotmail.com,Arvilla,Lueilwitz,757-491-6917,pw,FALSE
Elisha34@yahoo.com,Amelie,Schultz,(493) 797-3756,pw,FALSE
Evan_McGlynn1@gmail.com,Pearline,Ritchie,962.717.1370 x89652,pw,FALSE
Fanny.Boehm87@yahoo.com,Cassidy,Satterfield,413.234.3934 x3558,pw,FALSE
Frederic.Simonis26@yahoo.com,Paolo,Marquardt,427-436-7716 x52019,pw,FALSE
Geovanny_Kilback@yahoo.com,Kelsie,Rice,(575) 569-1190 x43872,pw,FALSE
Jamison89@hotmail.com,Billie,Kuhic,708.536.4601 x082,pw,FALSE
Jane_Klocko@yahoo.com,Loraine,Kulas,1-843-383-3111 x2787,pw,FALSE
Jane_Senger99@gmail.com,Alec,Moen,566.851.1233,pw,FALSE
Janick_Aufderhar76@hotmail.com,Edd,Cole,1-822-490-3929 x29953,pw,FALSE
Jaycee_Morissette55@yahoo.com,Roberta,Trantow,571.536.0470 x2958,pw,FALSE
Jeanie.Fisher@gmail.com,Verlie,Schaefer,997-434-6594,pw,FALSE
Katelin.Schultz16@yahoo.com,Kamron,Crist,993-914-9839 x219,pw,FALSE
Katlyn.Quigley35@gmail.com,Bartholome,Welch,881.505.0940 x8648,pw,FALSE
Kiera42@gmail.com,Doyle,Bode,970.992.1479 x169,pw,FALSE
Landen_DuBuque@hotmail.com,Mia,West,774.873.4337,pw,FALSE
Lorenzo84@hotmail.com,Cathryn,Lowe,(336) 583-5565,pw,FALSE
Maddison.Bradtke72@yahoo.com,Eliza,Sawayn,756.251.2704,pw,FALSE
Mallory_Pfeffer@gmail.com,Earnestine,Altenwerth,1-817-976-4470 x5613,pw,FALSE
Margarete73@gmail.com,Gisselle,Hahn,853.426.6543 x999,pw,FALSE
Melissa.Considine@gmail.com,Erich,Mohr,771-433-4430,pw,FALSE
Milo.Cruickshank91@hotmail.com,Sidney,Dooley,320.726.8249 x165,pw,FALSE
Mya_Stiedemann79@yahoo.com,Shany,Berge,843-466-2642 x7153,pw,FALSE
Nathaniel.Kemmer40@yahoo.com,Tillman,Gulgowski,967.284.0261 x6451,pw,FALSE
Ocie.Lindgren81@yahoo.com,Arnoldo,Jast,858.237.1789 x82745,pw,FALSE
Orin38@hotmail.com,Lora,Metz,780.385.3165,pw,FALSE
Paolo_Becker71@yahoo.com,Virginie,Wiegand,1-665-965-4168,pw,FALSE
Rex36@gmail.com,Abbey,Ward,865.410.3912,pw,FALSE
Richmond74@hotmail.com,Victoria,Rowe,872-612-9799,pw,FALSE
Rowan3@hotmail.com,Amy,McLaughlin,784-769-4536 x3417,pw,FALSE
Royce.Bechtelar@gmail.com,Waino,Leannon,(998) 588-0068,pw,FALSE
Sallie89@gmail.com,Zetta,Miller,545.499.1958 x991,pw,FALSE
Scot_Fahey13@hotmail.com,Cyril,Streich,1-705-957-3320,pw,FALSE
Shane.Roob@hotmail.com,Sister,Dare,1-807-234-2995 x72876,pw,FALSE
Sheridan.Purdy@gmail.com,Watson,Gorczany,1-891-958-7368 x4371,pw,FALSE
Vicenta.Huel@gmail.com,Aryanna,Glover,(679) 362-7528 x69379,pw,FALSE
Vilma_Hettinger44@yahoo.com,Anthony,Feeney,650.993.2803 x550,pw,FALSE
